{
    "0": "001.Atrophaneura_horishanus",
    "1": "002.Atrophaneura_varuna",
    "2": "003.Byasa_alcinous",
    "3": "004.Byasa_dasarada",
    "4": "005.Byasa_polyeuctes",
    "5": "006.Graphium_agamemnon",
    "6": "007.Graphium_cloanthus",
    "7": "008.Graphium_sarpedon",
    "8": "009.Iphiclides_podalirius",
    "9": "010.Lamproptera_curius",
    "10": "011.Lamproptera_meges",
    "11": "012.Losaria_coon",
    "12": "013.Meandrusa_payeni",
    "13": "014.Meandrusa_sciron",
    "14": "015.Pachliopta_aristolochiae",
    "15": "016.Papilio_alcmenor",
    "16": "017.Papilio_arcturus",
    "17": "018.Papilio_bianor",
    "18": "019.Papilio_dialis",
    "19": "020.Papilio_hermosanus"
}